{
    "pG_AC": {
        "G1": 0.18178455531244755,
        "G2": 0.18178455531244755,
        "G3": 0.6217036005758972,
        "G4": 0.6217036005758972,
        "G5": 0.1807130157507355,
        "G6": 0.1807130157507355,
        "G7": 0.46467983657007284,
        "G8": 0.46467983657007284,
        "G9": 0.7572066970411786,
        "G10": 0.7572066970411786,
        "G11": 0.7572066970411786,
        "G12": 1.642296350463297,
        "G13": 1.642296350463297,
        "G14": 1.642296350463297,
        "G15": -4.252403815934317e-10,
        "G16": 0.08569131603125879,
        "G17": 0.08569131603125879,
        "G18": 0.08569131603125879,
        "G19": 0.08569131603125879,
        "G20": 0.08569131603125879,
        "G21": 1.2605301408198577,
        "G22": 1.2548329726235425,
        "Test_gen": -3.7636670688183105e-09,
        "Netherlands_HVDC_gen": 2.9858895193987385
    },
    "qG_AC": {
        "G1": 0.04448079173603937,
        "G2": 0.04448079173603937,
        "G3": -0.10578677899437809,
        "G4": -0.10578677899437809,
        "G5": 0.04368370904045381,
        "G6": 0.04368370904045381,
        "G7": -0.11722862165071277,
        "G8": -0.11722862165071277,
        "G9": 0.07911141787385842,
        "G10": 0.07911141787385842,
        "G11": 0.07911141787385842,
        "G12": 0.15982371735123682,
        "G13": 0.15982371735123682,
        "G14": 0.15982371735123682,
        "G15": -0.18069635048489044,
        "G16": 0.029177824388938317,
        "G17": 0.029177824388938317,
        "G18": 0.029177824388938317,
        "G19": 0.029177824388938317,
        "G20": 0.029177824388938317,
        "G21": -0.15256393186257988,
        "G22": -0.1820104921870813,
        "Test_gen": 0.21320683806606797,
        "Netherlands_HVDC_gen": 0.20034469207781627
    },
    "pD_AC": {
        "D1": 0.4728305168163119,
        "D2": 0.789966274233272,
        "D3": 0.6726164648819654,
        "D4": 0.38565247660045465,
        "D5": 0.3226924627955003,
        "D6": 1.2092822246895756,
        "D7": 0.9566015132758595,
        "D8": 0.8705767137139785,
        "D9": 0.5477866885402864,
        "D10": 1.6369411292581761,
        "D13": 1.5169427528198314,
        "D14": 1.1011854100520118,
        "D15": 1.3742485384483887,
        "D16": 0.6061141691254105,
        "D18": 1.3308933316284794,
        "D19": 1.0671233686687152,
        "D20": 0.8099520882482458
    },
    "qD_AC": {
        "D1": 0.09631732749961909,
        "D2": 0.16287964417180867,
        "D3": 0.1382600511146262,
        "D4": 0.07817279931090296,
        "D5": 0.06362949970615499,
        "D6": 0.24896986978903027,
        "D7": 0.1913203026551719,
        "D8": 0.17818821625724704,
        "D9": 0.11268754735685892,
        "D10": 0.3357827957452669,
        "D13": 0.30911286283875816,
        "D14": 0.22137232470117765,
        "D15": 0.27745080902428043,
        "D16": 0.1212228338250821,
        "D18": 0.2717740136658757,
        "D19": 0.21814124110907435,
        "D20": 0.16452151792542494
    },
    "pLfrom_AC": {
        "L1-12": -1.4415963678250356,
        "L2-13": 0.27378535188480385,
        "L3-15": 1.4869639674203974,
        "L4-24": 0.7108193612684207,
        "L5-26": 1.3284492781101196,
        "L6-39": 0.4068804841657704,
        "L7-49": 0.3074743785651251,
        "L8-510": 1.108465706680763,
        "L9-610": 0.015232146784189316,
        "L10-78": 1.3150185778476762,
        "L11-89": -0.15517148953257867,
        "L12-810": 0.5726119229400297,
        "L13-1113": -1.4640702608671046,
        "L14-1114": 1.4640702608671046,
        "L15-1213": -0.7237989211319287,
        "L16-1223": 0.7237989211319287,
        "L17-1323": 1.2058472845986892,
        "L18-1416": 0.35101752639854705,
        "L19-1516": -0.3057514063583075,
        "L20-1521": 0.31023493052189977,
        "L21-1521": 0.31023493052189977,
        "L22-1524": 1.9727842270886604e-05,
        "L23-1617": 0.7153329049467169,
        "L24-1619": -0.02231270301330858,
        "L25-1718": 0.7020588950626582,
        "L26-1722": 0.01146813399071981,
        "L27-1821": -0.3148699944411234,
        "L28-1821": -0.3148699944411234,
        "L29-1920": -0.5447293038224629,
        "L30-1920": -0.5447293038224629,
        "L31-2023": -0.951289756530309,
        "L32-2023": -0.951289756530309,
        "L33-2122": -0.011288714072594252,
        "Test": -3.7636670688183105e-09,
        "Netherlands_HVDC": 2.9858895193987385
    },
    "pLto_AC": {
        "L1-12": 1.4474403104285427,
        "L2-13": -0.2661652654944173,
        "L3-15": -1.4311581694762634,
        "L4-24": -0.6931268551655797,
        "L5-26": -1.224514371473765,
        "L6-39": -0.40104107950641,
        "L7-49": -0.3037320775510094,
        "L8-510": -1.068280135044,
        "L9-610": -0.014511411224273475,
        "L10-78": -1.2880171471214295,
        "L11-89": 0.1569864685171329,
        "L12-810": -0.5541495829899026,
        "L13-1113": 1.4772198529674896,
        "L14-1114": -1.4522029368757992,
        "L15-1213": 0.7268791610038812,
        "L16-1223": -0.717450859744554,
        "L17-1323": -1.1902899876597717,
        "L18-1416": -0.35028402462062536,
        "L19-1516": 0.305982626185349,
        "L20-1521": -0.30957920534159644,
        "L21-1521": -0.30957920534159644,
        "L22-1524": 0.0,
        "L23-1617": -0.7135270290533781,
        "L24-1619": 0.02233523897621062,
        "L25-1718": -0.7011533427462326,
        "L26-1722": -0.01138200537439271,
        "L27-1821": 0.31522356237789356,
        "L28-1821": 0.31522356237789356,
        "L29-1920": 0.5463137124061862,
        "L30-1920": 0.5463137124061862,
        "L31-2023": 0.9538704237021629,
        "L32-2023": 0.9538704237021629,
        "L33-2122": 0.01138200537439271,
        "Test": 3.763667068818343e-09,
        "Netherlands_HVDC": -2.9858895193987385
    },
    "qLfrom_AC": {
        "L1-12": -0.35697635338389555,
        "L2-13": -0.26191933356441877,
        "L3-15": -0.43342923362788405,
        "L4-24": -0.08480576767321513,
        "L5-26": -0.4853888000352521,
        "L6-39": 0.14457814860175958,
        "L7-49": -0.1992362601677515,
        "L8-510": -0.6916931872802952,
        "L9-610": -1.083409445833224,
        "L10-78": 0.04601395096640336,
        "L11-89": 0.11045008238567312,
        "L12-810": -0.33030720649177303,
        "L13-1113": -0.22657128384586384,
        "L14-1114": 0.22657128384586384,
        "L15-1213": 0.0038470181950546385,
        "L16-1223": -0.0038470181950546385,
        "L17-1323": 0.028238174316752462,
        "L18-1416": -0.18020848137111903,
        "L19-1516": 0.08171380154183015,
        "L20-1521": -0.12917155620443183,
        "L21-1521": -0.12917155620443183,
        "L22-1524": -0.10749630807513524,
        "L23-1617": -0.18673347329733275,
        "L24-1619": -0.10674121206244071,
        "L25-1718": 0.040207420096228214,
        "L26-1722": -0.1874969759932365,
        "L27-1821": -0.10450141489839722,
        "L28-1821": -0.10450141489839722,
        "L29-1920": -0.138670376195902,
        "L30-1920": -0.138670376195902,
        "L31-2023": -0.15054210859993758,
        "L32-2023": -0.15054210859993758,
        "L33-2122": -0.1726469327122179,
        "Test": 0.21320683806606797,
        "Netherlands_HVDC": 0.20034469207781627
    },
    "qLto_AC": {
        "L1-12": -0.0449772692030804,
        "L2-13": 0.23581979245125256,
        "L3-15": 0.6280636875741401,
        "L4-24": 0.12106346085684855,
        "L5-26": 0.8344395760441936,
        "L6-39": -0.1535535980872261,
        "L7-49": 0.18737884280542072,
        "L8-510": 0.8233819047906163,
        "L9-610": -1.5156593299888905,
        "L10-78": 0.0416689078488529,
        "L11-89": -0.14651279207505352,
        "L12-810": 0.3564946294530073,
        "L13-1113": 0.2264286859172312,
        "L14-1114": -0.22186019381494906,
        "L15-1213": -0.0843085710190314,
        "L16-1223": -0.15523746664342034,
        "L17-1323": -0.09418692755471603,